{"loss": 0.974461555480957, "_timestamp": 1682514512.8902934, "_runtime": 242.803067445755, "_step": 15, "accuracy": 0.6210000514984131, "_wandb": {"runtime": 242}}