{"epsilon": 0, "_timestamp": 1682520988.6383584, "_runtime": 238.9159083366394, "_step": 9, "pertubation scale": 0, "loss": 0.9253197908401489, "average accuracy": 0.6794999837875366, "_wandb": {"runtime": 238}}