{"epsilon": 2, "_timestamp": 1682519354.9020476, "_runtime": 3.2105417251586914, "_step": 1, "pertubation scale": 4.5, "_wandb": {"runtime": 3}}