{"epsilon": 2, "_timestamp": 1682518857.6668503, "_runtime": 280.16558837890625, "_step": 17, "pertubation scale": 1.0, "loss": 2.3019704818725586, "average accuracy": 0.11349999904632568, "_wandb": {"runtime": 279}}