{"epsilon": 2.5, "_timestamp": 1682521028.7607596, "_runtime": 243.27965664863586, "_step": 9, "pertubation scale": 0.8, "loss": 2.300055980682373, "average accuracy": 0.0982000008225441, "_wandb": {"runtime": 242}}