{"epsilon": 2, "_timestamp": 1682519586.570811, "_runtime": 3.018841028213501, "_step": 1, "pertubation scale": 4.5, "_wandb": {"runtime": 2}}