{"epsilon": 3.5, "_timestamp": 1682521046.6347623, "_runtime": 234.39486527442932, "_step": 9, "pertubation scale": 0.5714285714285714, "loss": 2.2948203086853027, "average accuracy": 0.10319999605417252, "_wandb": {"runtime": 233}}