{"epsilon": 3, "_timestamp": 1682522040.2682335, "_runtime": 153.3893744945526, "_step": 9, "pertubation scale": 0.6666666666666666, "loss": 2.295417308807373, "average accuracy": 0.10319999605417252, "_wandb": {"runtime": 152}}