{"epsilon": 0, "_timestamp": 1682520541.9018645, "_runtime": 26.42761254310608, "_step": 9, "pertubation scale": 0, "loss": 543.9005126953125, "average accuracy": 84704.1015625, "_wandb": {"runtime": 25}}