{"epsilon": 1, "_timestamp": 1682520584.8431098, "_runtime": 30.551246881484985, "_step": 9, "pertubation scale": 9.0, "loss": 9531.4482421875, "average accuracy": 84025.5, "_wandb": {"runtime": 30}}