{"epsilon": 1.5, "_timestamp": 1682521021.4936376, "_runtime": 247.2429826259613, "_step": 9, "pertubation scale": 1.3333333333333333, "loss": 2.3028948307037354, "average accuracy": 0.0982000008225441, "_wandb": {"runtime": 246}}