{"epsilon": 3, "_timestamp": 1682520644.0940104, "_runtime": 28.67315125465393, "_step": 9, "pertubation scale": 3.0, "loss": 1760.0341796875, "average accuracy": 100266.9453125, "_wandb": {"runtime": 28}}