{"loss": 0.6773159503936768, "_timestamp": 1682515434.6195836, "_runtime": 277.58800864219666, "_step": 15, "accuracy": 0.8337999582290649, "_wandb": {"runtime": 277}}