{"loss": 2.331430435180664, "_timestamp": 1682513666.2922986, "_runtime": 96.41702961921692, "_step": 11, "_wandb": {"runtime": 96}}