{"epsilon": 0, "_timestamp": 1682519872.0351253, "_runtime": 45.674851179122925, "_step": 17, "pertubation scale": 0, "loss": 562.594482421875, "average accuracy": 84174.1171875, "_wandb": {"runtime": 45}}