{"epsilon": 2, "_timestamp": 1682519694.5374062, "_runtime": 45.204060316085815, "_step": 17, "pertubation scale": 4.5, "loss": 3477.392578125, "average accuracy": 84615.625, "_wandb": {"runtime": 44}}