{"epsilon": 2, "_timestamp": 1682521773.1727753, "_runtime": 145.94480419158936, "_step": 9, "pertubation scale": 1.0, "loss": 2.301982879638672, "average accuracy": 0.09829999506473541, "_wandb": {"runtime": 145}}