{"epsilon": 2, "_timestamp": 1682520599.194216, "_runtime": 30.8419349193573, "_step": 9, "pertubation scale": 4.5, "loss": 3161.4189453125, "average accuracy": 91213.015625, "_wandb": {"runtime": 30}}