{"loss": 433.25567626953125, "_timestamp": 1682519075.6259363, "_runtime": 7.1951823234558105, "_step": 2}