{"epsilon": 0.5, "_timestamp": 1682521004.9079475, "_runtime": 244.6767716407776, "_step": 9, "pertubation scale": 4.0, "loss": 2.3012306690216064, "average accuracy": 0.0982000008225441, "_wandb": {"runtime": 244}}