{"epsilon": 4, "_timestamp": 1682520675.655577, "_runtime": 28.158061027526855, "_step": 9, "pertubation scale": 2.25, "loss": 1158.732421875, "average accuracy": 83870.703125, "_wandb": {"runtime": 27}}