{"epsilon": 4, "_timestamp": 1682521314.9059322, "_runtime": 144.27661418914795, "_step": 9, "pertubation scale": 0.5, "loss": 2.2066898345947266, "average accuracy": 0.09839999675750732, "_wandb": {"runtime": 143}}