{"epsilon": 1, "_timestamp": 1682521011.9528222, "_runtime": 244.36004209518433, "_step": 9, "pertubation scale": 2.0, "loss": 2.3001327514648438, "average accuracy": 0.10099999606609344, "_wandb": {"runtime": 243}}