{"epsilon": 2.5, "_timestamp": 1682521027.0248184, "_runtime": 246.8211464881897, "_step": 9, "pertubation scale": 0.8, "loss": 2.3024239540100098, "average accuracy": 0.10099999606609344, "_wandb": {"runtime": 246}}