{"epsilon": 0, "_timestamp": 1682520022.6468549, "_runtime": 44.84690284729004, "_step": 17, "pertubation scale": 0, "loss": 579.1219482421875, "average accuracy": 84078.3828125, "_wandb": {"runtime": 44}}